feature1,feature2,a1,target
109.93428306022466,63.99355436586002,157,60.12519487605935
97.2347139765763,59.246336829127685,101,92.84162594117805
112.95377076201385,50.59630369920174,74,62.68086085909534
130.46059712816052,43.53063222294426,98,65.16766345568571
95.31693250553329,56.982233136135896,71,69.78028511133999
95.3172608610164,53.934853854217494,2,60.356152050958876
131.58425631014782,58.95193220027733,141,78.51718468975966
115.34869458305818,56.351718016819696,187,80.53630327227219
90.61051228130096,60.49552715319335,172,48.18095738233039
110.8512008717193,44.64764788439432,33,51.79855080143093
90.73164614375075,63.173940656343255,44,58.34377161734607
90.68540492859486,51.975996046923996,60,71.71451867290789
104.83924543132068,70.75260872625265,82,68.1048523994083
61.73439510684404,43.10812181910432,122,59.79120094443946
65.50164334973934,67.3596380316525,101,64.96886069608432
88.75424941518054,51.979107834626475,15,62.80031890305305
79.74337759331152,43.48581996385552,65,56.314673379559984
106.28494665190547,45.16114165945678,167,69.51084207395832
81.83951848957578,46.7965269180568,144,56.55589460702593
71.75392597329417,54.241659464019165,118,48.487043851071036
129.31297537843108,55.228354880355,161,78.7231158212504
95.4844739902693,44.26299996061421,123,50.32153541739309
101.35056409375848,49.756454077390174,143,43.50179037719449
71.50503627573087,71.42270358611864,101,68.22003530652152
89.11234550949635,67.27543170100711,187,66.3113866329033
102.21845179419732,54.36323669674032,65,67.48031046233862
76.98012845155395,50.380034781682,193,57.58856588886037
107.51396036691344,51.200313267182615,12,60.83309961567502
87.9872262016239,56.13517972730416,183,50.82354488515887
94.16612500413447,39.77207434801595,110,56.17783786969049
87.96586775541206,47.42623462576655,158,71.89178908307412
137.04556369017877,33.314159261224106,33,66.82961933852535
99.73005550524132,53.992231226052795,38,39.79204355235483
78.84578142088199,56.47195939702741,194,51.15046761136169
116.45089824206377,45.16813537700626,135,83.20288889648559
75.58312700057955,65.73986763290033,119,40.18808354661634
104.1772719000951,37.74234336997659,125,51.60850292281181
60.80659752240449,35.3562511979018,54,43.645641526354474
73.43627902203139,52.24451818559972,26,78.09056532144896
103.93722471738246,60.470983026121544,117,56.52779058126575
114.76933159990821,66.83927691457869,52,63.46710795964812
103.4273656237994,45.4111573713106,38,68.72401371168473
97.68703435223519,60.78680833431296,64,79.12630407634852
93.97792608821422,49.61491530499293,144,55.63245051234789
70.42956019265145,48.273727000591805,157,33.48295663528158
85.60311583210583,58.83659937486672,180,64.79002993737639
90.78722458080425,56.5232287841342,12,68.49899489867211
121.1424445243783,34.236078430157505,20,88.62859705661889
106.87236579136923,64.76540349725896,146,79.4352750681051
64.73919689274533,63.800913541474515,52,59.790533272538816
106.4816793878959,43.74437298490471,18,63.742700150740305
92.29835439167367,53.95803533437409,56,86.75163121784374
86.46155999388083,54.94030186282739,24,55.731450449903924
112.23352577681736,52.60673765823907,30,65.7795629717627
120.61999044991902,44.4969484615458,80,91.75422894860932
118.62560238232398,43.283766320619485,182,57.555558298393734
83.21564953554723,49.744459290085544,22,38.05707870952013
93.81575248297571,61.72729019259364,31,66.62163254525079
106.62526862807128,55.43600154594432,189,69.92606954506198
119.51090254244718,46.29385667913894,73,71.36472845945865
90.4165152430942,57.716987106483444,9,72.46265132470865
96.28682046672365,21.514573793699245,199,45.5157205485859
77.87330051987944,61.48765700372103,53,58.024618617302764
76.07586751838659,32.60286221221901,51,44.21773289647713
116.25051644788397,46.37559058596868,147,63.12575039866508
127.12480057141646,38.803301053738565,159,74.58498976222296
98.55979756839332,37.053185242790946,113,68.92181238998496
120.07065795784048,61.608267873785195,13,99.72349054536082
107.23272050095268,45.32298798688109,177,73.00744647553036
87.09760490789752,53.46503881730716,155,34.47996408512638
107.22791211016828,49.53079421120816,109,68.0917934640301
130.76073132931938,54.770408272231215,52,82.30951605535738
99.28347921780097,50.768218910602556,151,74.23429537788076
131.29287311628013,37.1700777581143,78,78.64556291047174
47.60509791820511,59.9626681944714,21,54.322238590464735
116.43805008750448,45.06243416838687,29,75.65446145042101
101.74094136476343,34.434181013402494,190,76.78870568138134
94.01985299068265,45.718848390340874,3,56.33812181196065
101.83521553071004,65.00759790634311,58,71.8633218102249
60.248621707982146,58.50221742113493,7,55.94139143423051
95.60656224324975,46.51347865592141,11,56.03538401546687
107.14225143023492,46.50742295681571,118,59.623224581351415
129.55788089483033,46.783649487826175,158,72.52051429689617
89.63459563452705,70.76747983560841,33,58.55538559705682
83.83012794213624,53.819354522315535,81,63.28648953651606
89.96485912830927,54.300416471910694,97,42.92447420938228
118.30804235404148,60.30283454031842,126,61.68517127593719
106.57502219319369,52.387891590265134,74,87.63134349724902
89.40479592465923,47.40957854179297,104,51.67430431512573
110.26534866226712,48.03650150915022,48,71.54377329559611
101.9415509869608,49.283987405859364,78,50.86450753624693
119.37289981065778,49.627777634901584,184,75.51602587369213
85.95893812245295,57.2762954363698,92,52.97229101532337
93.44675706804463,50.519458858072994,153,46.24832120984007
92.15783693735685,57.32640077215579,17,76.64604307597229
70.72970103735763,49.19283419891418,95,61.94835804896178
105.92240554129152,50.786351903160906,37,67.12356043445386
105.22110544359779,30.017993154678923,86,71.61014099498169
100.10226913284922,59.16327674702482,87,86.83304446780366
95.30825733249706,53.46488475897993,49,71.23435342552341
71.69258515899172,59.98010109859652,7,58.637120304174445
91.58709354469282,21.037446218063106,168,54.09427760259844
93.14570966946461,70.88374704780728,133,74.33295259766687
83.95445461556761,48.604103718448265,68,52.919264488421916
96.77428576667981,61.081828167375164,171,63.94533264193799
108.08101713629077,39.60094072874469,120,70.42970453889394
137.7237180242106,56.1277390506257,63,80.96153202569771
103.49155625663678,39.46584436826344,156,59.9275347108624
105.15100781445528,43.76231039304195,155,65.70606367148997
98.51108168467665,69.14031353866787,138,81.50371040986938
61.62457569401917,48.09317599236653,120,33.91360310912307
99.46972249101566,52.17432873179723,64,72.9789448920996
101.20460419882053,58.70067730688754,106,76.13046941951123
149.26484224970574,54.95681887972604,146,98.97758688173877
96.15278070437755,51.504189051435766,136,55.46018326552462
106.03094684667225,53.64961002466225,154,52.183540275625425
99.30576460589513,74.03415585238275,161,77.46013378277662
76.62643924760935,49.42381202966415,171,55.015751076843536
122.85645629030041,52.010990467149675,195,87.07529163292642
115.03866065373549,60.50654396007612,99,68.6659252347952
115.82063894086093,61.05525932957984,81,83.82808103186802
81.81225090410521,61.8703030556038,142,70.01133749092786
128.05588621872198,56.38730222029184,50,79.99103656495502
71.96297874415438,38.569950872695166,140,51.72176966653391
111.73714187600541,66.33431532301096,82,79.58853011014693
143.80911251619958,38.53654606981312,176,75.25082478874722
80.18927349738624,53.02635465239033,197,61.31350916725629
88.67404540794456,42.45724149980642,111,73.29917856292434
101.99302730175282,49.35861653407007,55,66.0261379565238
89.93048691767602,53.2876241030348,178,46.34228130323188
68.98673137867735,53.21357215450273,164,43.585172026549394
101.37125949612054,54.21920754235285,144,49.157097522249856
78.7539257254779,66.13711269058646,185,72.12070796037553
109.47184861270364,54.5353430151398,156,78.7375801741747
81.61151531532394,47.558433647093516,160,50.05959503511184
130.9986881003508,59.64087168288357,59,69.2110063353511
84.33493415327526,61.894704889246405,119,52.40292896098664
93.55876967588648,37.72392184863008,182,51.71379173556079
116.27034434739339,55.97400069849858,137,76.02144837344684
75.3827136713209,57.01172742310898,174,55.55246849457694
104.54919869208258,47.02436496640008,22,79.79622858969833
126.14285508564856,63.75706813311619,148,75.27099940577871
67.85033530877544,48.499444129674735,12,33.393122349750854
103.69267717064608,51.255764534715425,100,55.653283194314746
105.19765588496847,48.2692817571613,160,66.84936392516761
115.6364574355462,50.155790475814676,23,65.57818519105959
75.26098578243835,39.037249131047986,107,46.421582175403316
73.59086773831447,35.59949117405706,10,42.934945418179915
110.43883131233795,65.94505063224972,16,84.90531538289572
105.93969346466372,41.53038651681672,195,59.55930581645366
105.00985700691753,40.08607650543693,174,60.75733068561174
106.9289641899395,28.466098863962852,24,69.17714756574637
86.39950556843019,43.610382523104974,93,50.63304843082582
104.64507394322007,36.76910206592502,20,67.58539133595772
105.86144946597362,66.4201516013637,83,76.17162283361351
85.71297163947264,60.09817089342634,139,62.303595677375014
137.31549022289514,43.118496548222765,36,70.2493302488495
109.47665841823576,72.52435805344308,41,88.79337887037018
76.17393005594703,59.81765486991594,144,78.23909945477943
113.1310721726766,46.75168616491378,100,70.67932331848637
80.50636659545357,25.00594285126427,47,37.291417419402315
115.74169207484904,72.90942572590743,102,80.03470083844698
123.17191158014808,36.10427533236404,27,82.31583979564324
83.5863536329658,33.546012530431085,40,45.70510381845615
119.26752258488644,60.225704320096405,98,76.41248074729025
108.25561853872996,74.39752406339272,46,79.85360785250421
116.4412031998898,63.84272818510518,145,89.4038985775357
137.93585965307895,55.639091200523595,104,93.4138945175903
95.09223767994258,55.94754341665286,123,72.49906156028977
84.9252767128502,58.53415558780308,198,55.76019946600177
82.20971140748954,57.589285897867654,12,62.400831024844294
83.68379430069123,52.811914239693756,140,50.46583815100245
98.45796581171791,51.04201103951876,99,72.99684721656669
106.82303949633288,49.374068721004775,30,79.73593677232401
105.53381598660039,42.46035411133324,129,71.0386499144264
116.54366498072048,47.19324923133226,15,68.75570139181175
100.26003783755814,33.07043185804615,136,58.01387719577693
129.07068154314635,49.0166037320525,72,97.30548399780902
94.70686333524088,40.11408892849083,165,55.88055389993273
154.40338333179238,38.964106827842286,53,99.39086538875456
112.51334695530012,51.798941511534785,183,75.18527191329571
82.85684887167434,63.92002286344599,99,57.26306681027254
78.58215003877775,59.183166060023126,108,43.599534562701564
109.64944830486371,34.29499396376823,86,67.22922614744739
95.53074429348298,40.10371863429663,172,60.707496403091696
114.28000988184183,59.40771187988216,161,93.02766521947889
109.4647524914709,40.175126064616904,136,58.18298711089554
98.54342174686255,47.753668500029754,7,86.54549733891804
83.06412563863191,55.50052099024552,6,61.970324411355534
69.70305550628271,40.31655545136365,35,50.72478660077203
91.06970095865958,51.0537550614596,17,54.920255653445366
117.12797588646944,36.65974505081795,2,72.7089745340248
104.28187488260409,43.98632356048786,27,70.06734379178053
75.08522442576023,53.19781934142537,69,62.8752309335165
103.46361851702363,34.070062664683306,171,52.16960598199738
107.70634759457674,54.40474737960399,148,84.24240656904995
82.32285127597734,49.803622010733186,27,59.71666747892842
103.07450211891056,55.524899544171475,53,74.27700987577984
101.16417436892,52.23914134064661,181,64.04440697160638
77.14059404338754,63.64140429973844,64,48.381291928824794
107.15574720696567,51.25224502647907,99,69.68079338545944
111.21569052736469,45.70594458874747,20,71.19258413853878
121.66102486350553,51.222975030322836,12,62.343122259704714
121.07604104069806,55.43298029036388,56,85.10076865910943
72.44661264085818,50.48860070325704,48,61.33513287037201
81.24349920169755,50.405916912038826,117,48.44687843624915
110.3007053441732,42.980083121932445,53,57.81852410594542
110.27571901824417,43.37099082449052,137,65.11954298772623
110.30095372612095,35.97394728200307,52,66.1816120175244
177.05462981309444,67.4957674318694,43,106.1343350369547
111.41781021386333,37.56136764608715,46,66.36813707304998
122.71131280361197,43.07094802204092,52,76.49171778517743
119.08003526986406,42.81592734430802,73,58.702106450968145
113.02782502611596,58.949243769444415,45,61.66572937085866
93.69461510719309,47.05050321707972,12,33.73968110948901
115.17938440986535,62.477420726737336,164,85.75837070748858
84.54349570924856,43.26509375756132,101,55.40354618806717
95.26362786519982,52.78994162223802,23,73.94730773392288
90.29272904341794,41.64652946740243,1,46.262943403815775
101.63748278772646,71.45149127773388,80,72.49826217251501
146.29317133347018,38.12401580970487,99,86.73205547081257
62.65469614816504,53.09820710227027,141,41.63898525646344
113.72520380749027,56.337768809320984,137,58.22965456187352
67.74568257620697,54.137990974514985,162,67.57295194180955
90.56136268421133,48.147123411222914,152,73.71765177817305
121.77901193934733,48.70179300266574,130,71.68072115321974
101.28560038190926,50.438114719791095,110,70.87651105858802
78.44510444141387,48.529979983715116,101,48.93363945225254
85.69392581480064,59.638791167949094,16,50.78456422753757
113.59195497869352,72.10523001591352,11,96.70016154369095
85.39266736565727,44.425082149921664,181,39.47016951374712
104.3291717916395,36.301970204209226,115,60.200139987371365
100.91143679807628,49.117179516487454,23,66.03411052640672
86.96799304788365,75.79709337654319,28,82.73549032377764
142.8788817865065,41.963254320302696,170,92.99430373170424
112.67838044636022,66.39116805444067,152,59.53404289383912
59.49714826684786,66.77700814076441,121,49.754174165311426
103.72908629538856,44.46411758292005,187,65.4143804062139
86.76427070463224,55.689830791852756,89,57.805701236877525
117.04866669592448,66.28396623128538,64,84.60761429265087
84.14958523134598,46.20872259012513,83,41.84634011515075
97.70527117066202,47.964196398976384,118,59.15553537965722
110.09974557960915,44.18319086051356,155,73.0930175300894
117.31510388340243,39.852432693071336,15,77.40903860122903
75.99407185888447,43.50722454933993,174,52.54339802933618
93.30997528318103,37.760597332377436,103,55.099244838300756
90.50109377678088,50.34083468259226,91,59.15338455690339
86.93341534852576,42.30026768941358,185,63.56085920485932
135.30908480562192,52.33785911790748,26,83.6949079794378
108.09963421921911,34.44104353796373,180,53.96365471659339
74.78232091329909,53.30880232214457,169,41.04882531384388
118.35723894109552,58.33528961608925,186,61.782832141013444
142.44312394025266,30.062643574285445,174,94.7961632273055
120.64930521102293,53.74056569847572,161,84.52144067117862
69.61260068091974,62.27668992473292,164,52.42442848607428
90.31531854267497,37.90358981308795,133,51.99081136362303
125.33822298373245,66.72572386837703,134,76.94752857270575
85.84661068762438,54.190190093660455,152,70.11273344773242
108.87638856292457,42.949881442415915,32,86.36749379593446
115.49268106858673,49.44230922342294,54,66.52510406204486
81.46139056843833,55.58326912521722,185,68.78983122834143
98.809492878764,50.760053914124114,6,64.91289176720812
35.17465319861854,55.387559924463694,56,32.07930527754371
79.51224717331421,40.79326406920634,125,67.03624563571823
94.9486369721368,51.69360824036078,11,62.88074375074886
75.04433636070301,35.8628550309502,15,51.244669082182924
132.64822607863272,48.887739386513,42,83.4731741843847
71.39717244078734,40.960923585352106,116,31.730869629404783
91.19911026606033,42.64470057410233,134,61.27707679242148
102.61481154572182,62.36093175210438,110,64.3887650540899
128.82546578132232,60.91310120594269,50,68.47513185098775
71.2827569764112,56.09138120907177,159,47.29742204643951
123.26327504309918,39.07687235327421,74,68.1008105311624
100.20466122039174,46.83591550305198,7,74.45193065241477
80.36982697904098,62.130976999791834,199,48.18631042843773
109.24206948526542,51.417169136399046,44,62.147711093059876
103.9811939114694,73.19329539981695,58,76.30246818115991
87.9956624568241,53.93317839394372,131,46.91984703305269
101.39604169980038,51.92049116490031,103,59.684100617046944
92.2937280627648,46.908835357974986,194,43.574747285442676
102.27034690502497,51.33540904782282,156,75.73591076691329
113.24261349042094,48.47530163619456,156,68.15026603166697
131.72033632290703,57.0810867668859,97,82.82531574149687
75.24369002346302,59.56702316794584,155,64.65205516002617
142.66066749312535,42.140105394920504,78,76.74967652849996
60.958244009549965,36.68767046442222,123,38.365553057621604
96.96429809928833,31.637946268967035,171,47.41025293727686
111.76634412969153,55.079913269125434,3,61.82210883562528
105.61983735470065,38.966333938261265,89,55.29398991876992
87.54600960358812,28.47109407047517,103,47.389429114599956
95.83755499285449,53.885786045309644,136,60.23655796828949
90.13998130682334,74.9299951743279,118,70.43531071469384
88.21270486111577,49.939290884601064,132,50.17597021551921
116.99204194042049,58.38490774451642,55,79.20782005273993
107.14030971930094,50.81829358547565,95,73.66565585052545
86.14180809478691,49.01110346808857,177,53.09601325949736
117.99199750866501,59.190764829877686,74,68.705982479112
106.14599041753219,47.097254558113484,142,68.05296189600004
116.2572423767792,52.673923140719026,31,71.90162350050086
112.59257683847224,53.216978061960134,27,74.46490013055961
83.42009978155855,43.31909546356951,21,70.4044428924498
88.79637919606061,59.92042349536523,16,63.060687130917024
114.94587210246523,48.25040243304591,58,65.55575116834507
112.2074053086693,42.442548405071555,89,59.927571056435525
99.58196812071704,55.365098435704034,198,57.87849727785389
102.34654766617564,41.015320182089624,105,48.850206816603496
125.5532979157685,50.281811573691286,184,87.18862851344743
88.1685722232834,49.90881003355796,25,36.72414092815144
110.94194762340075,60.85895565831578,24,78.60970868638816
95.95614695132213,54.746982328799525,137,55.72152910754862
95.6463759354556,49.74973041254856,44,57.62405494525119
121.9755370397438,58.17766299200287,82,69.46119100202888
116.5083269797606,63.90207549017313,10,91.88343273335255
116.27019272001277,55.578103063518626,180,74.97168329591975
126.10957614308658,50.103526198433805,199,85.98963118150196
100.42007683265518,36.8816376764984,103,74.27979830523718
113.63905942589928,39.348863369246274,67,70.25824346394757
93.79466486813088,46.94775295645332,94,49.02542061244931
106.48332704976885,43.90487797840717,155,64.20669941724886
97.39713891264631,48.13028697014554,64,55.71517541170479
101.93991929985437,50.56649924897107,48,61.10486780574552
111.90314050873828,55.29692754356731,174,71.59441059094645
83.63558633533054,49.29501221940909,51,55.26474041256535
141.8477455137092,54.86501643826202,101,91.50446929853608
79.87965237000596,50.6447441481012,181,60.706292367238206
75.71622774424536,30.245334336461287,187,45.59026241039649
123.16221747000135,40.606646061812455,56,77.79779173462359
115.83325387925872,48.55912444278385,46,66.9907657231101
112.4823963410431,37.90305257158892,158,80.75991219796327
112.5669101852856,55.99928729996205,173,67.42812840045494
99.7550645430617,65.30750832343698,25,81.44164961478623
82.05491257028336,62.18761851697317,113,44.923070922516416
101.51609116387452,47.86557129069792,4,61.31364439503818
86.45676576975777,64.90726136849952,83,59.39077955929268
119.50239466835502,51.486674572021116,51,77.98711765326858
97.05885236995722,46.629140288819606,104,71.13633630381273
83.49005606414977,43.8659733645906,53,42.41086801085678
93.57228316694014,46.975303135118715,160,49.79890210357661
108.25862908551248,46.118231814587716,177,53.94570340997018
88.7255089439205,51.70416222375488,165,73.07584511107089
83.55559208867137,51.60573981049865,154,60.23556741545651
104.87374422983825,50.03046020153415,14,56.60229809080814
104.89933142217446,54.369381697463496,60,64.32953148076557
89.8611364925774,61.906462747863415,121,75.32012102726267
90.57923388763355,59.495541354413234,20,60.357087047028365
104.64099874715272,35.151020315500965,45,59.49392409031493
71.03831317005351,24.46078865098045,196,35.044426112090306
71.8507245124689,59.34319911239274,133,43.47839885176464
85.63111557495128,36.33121301584579,37,65.54815979666094
95.73105696576306,47.75234598107316,61,78.93024816462408
106.2181513119601,38.298869739406406,85,54.74679254992849
129.50712433899105,31.9801956241998,189,88.39704414893667
117.15319246404039,55.41462728204788,77,70.3270902537335
96.80122940073146,57.59155160302647,45,71.01456013496254
99.61967584194622,44.2348959927328,140,77.18244476693702
79.94941270724382,24.089577078550903,2,45.75081352015086
99.6297372801522,44.53755551747517,5,59.896716092645065
94.22682722159723,53.91804005402547,92,71.29963526488812
106.45437120676179,35.21088431225871,7,52.69092252669601
83.45538112895355,51.83359919779156,171,68.74838410221854
110.38693028482345,49.846901508270044,107,71.57562951931857
130.65477826005156,55.792914996010886,160,76.28775854728727
97.82479703086285,51.19580368414153,74,58.22946358751535
108.03423444197882,40.26931059118444,76,52.263285280061076
113.80287983422225,61.965715016644914,49,70.1294327558647
91.97559056228327,48.4147042697303,10,57.871828942116714
104.48184963620834,49.72695460490068,94,56.54607588245955
100.2518480156359,40.667320409268044,155,61.87147036930832
101.95352197097664,45.567177488084894,69,69.37608507716874
84.53980432289067,41.15197285973099,168,52.480772659370444
100.49020348517885,48.27053940076577,15,71.35352182801182
109.95996582490899,67.11708480142343,67,67.04370852308816
129.02287215590084,36.28098857068643,98,85.42956029135574
119.18541652170414,33.86438602123259,47,70.97017112497043
143.06364915023113,64.71170327493608,183,106.39790725514382
84.65304874223901,47.90676322848134,63,80.84072646205124
117.44641273441357,43.309272613400836,186,67.01355222819423
103.66684011476704,60.39904687396076,89,65.66249535055718
143.79605866435344,43.94384460263136,189,82.61876149347896
83.83403429289697,68.26009713546937,75,68.35206878884445
83.20556315638447,56.77925871339269,138,71.89625889696094
88.01214709111956,45.120885918542974,100,51.014254479424636
57.52208551380386,71.57308213265503,88,54.04541006147917
89.48489956638478,43.94285076996662,17,56.56603211562471
84.81734676892604,57.42095372009307,18,65.81605052589683
103.00787572952416,52.99292580406492,54,82.49639254005845
106.83511951554318,63.01741289398798,101,69.91950125163784
137.52341678431773,65.61511196726853,117,71.74756531560212
119.008476763721,50.320041490657665,153,82.03926759786073
88.46192688675194,42.46582129653817,133,48.6436576462829
82.03170657303284,54.59972142939117,3,55.96461234569599
109.83838343013011,43.22284630247894,107,75.75635397452487
73.59533585958715,70.13387247526623,114,60.811778207684526
136.62917531708706,51.36535331082737,28,82.70699339626128
123.58880241442574,46.34678448687891,58,69.93961942869333
90.6164869579059,51.84680305864909,124,31.86334659379769
65.73730941818245,36.52873710470303,97,50.81048399806415
127.07744748330825,40.28385961489349,16,73.09436463386453
97.70920309494764,62.00413907944426,106,82.58920605486435
124.75632623946923,43.43105721028604,42,79.38776058243913
68.11144682411266,39.5308901731806,79,40.503736738662084
88.01249954092454,55.36652752527286,193,71.28490891180454
100.10487399436366,61.85704154662997,161,80.12084352075271
100.93961187529484,57.18953310665067,7,65.43634772611784
90.99869057041512,59.960476858058165,140,75.42393699835729
112.45699864694997,42.43204911430539,105,63.40503350390614
78.6475914123481,35.78189333258156,7,51.65484140002755
97.15241029957413,65.01333651955487,95,73.79428998284133
102.40591263423798,46.77320161157864,93,73.08273264073448
110.28877668117498,47.49166983544953,64,75.60710777738126
114.2322975617778,63.281941418490575,170,72.77415940080434
77.50715816324262,55.5623000940066,38,66.3592455167377
69.31771658528756,54.55887772081608,80,49.782248377824416
125.55353643797018,71.65002344901083,186,78.5815016309364
106.64628023959183,43.564817696198574,83,60.849205755522185
85.03026926886892,59.278401280812375,87,79.69853893344153
131.02303951045047,50.570131248970846,85,73.26272484899704
102.31349268585717,52.68592278863257,92,79.87887544712282
123.58594368127653,65.28468426412532,85,70.02371016177416
101.35036962820217,55.07835756289624,43,72.07774653371182
141.21495849763974,55.38296079049633,136,90.19320200087711
135.10681684886407,60.72507337309802,164,101.98319923362372
95.02071703041852,46.350472704571146,73,54.87148137489546
119.43141901908712,41.607903326609936,35,62.89143832792267
112.90751899170294,39.55190805978967,100,67.15422813031856
127.37263115064698,30.33643410623998,155,89.4352640996
80.70153078839792,70.56207129940321,169,52.677801984582246
113.72102919996878,38.96791634278317,170,42.666723180777346
121.16848973699176,47.78746376414228,169,75.51816237147138
64.82521027153771,47.23186700111079,103,56.07739441571218
76.3348297466845,53.07406697809101,65,43.95157564037092
59.21535644479799,58.15737212539297,54,55.53421159354953
94.61186331110885,58.60473488359745,199,54.5282422705091
114.35084511591924,44.16922561431062,175,68.96060488533601
130.04714104192055,48.32878286213589,90,87.04902853246162
101.4818956083955,52.825799504882994,21,54.714033638278266
132.57231091142583,47.51308873816453,100,82.35521539223781
72.39797083570217,66.07345576019992,154,68.17075725883343
65.9323512128969,54.90974951638251,120,54.178441453476715
98.88904602206762,57.348777860498174,92,59.44289579327558
107.68130897878615,56.628812686674124,194,86.01648182256326
99.34610503811814,61.73473857485325,107,74.77739921073994
58.65115799920247,51.81021558703707,140,26.264163676469288
98.21759920974424,37.03168052044153,172,68.86073990834684
73.91060998990294,53.996879517526416,9,47.44062632603662
113.39345097660077,43.48643106208171,8,71.70829028334956
107.33196492193696,44.713833182502434,181,77.1601724586518
81.2024042734529,55.863640187550935,154,51.864248346343395
89.72266165326613,62.38283071433636,33,47.120253900515834
78.81572956222097,50.21271576736061,128,69.52713143037695
98.74641805453656,53.088330125989636,159,76.94554277708465
119.10284641002477,67.02214944635239,88,78.78550790708864
80.28547907328912,52.407531794885685,92,64.39921359003142
110.08093031035689,76.01683114180395,70,74.1516471770828
89.39484763255118,55.65509645631544,66,62.36365452077872
84.14254335475312,32.39237240844182,147,50.34610397354171
97.85939280090885,57.53341621104533,116,62.900280410195
79.29515355161251,53.81158384882778,93,59.38407773131213
88.92701389305635,62.897527540827454,162,51.25097697232053
76.04244214822303,56.73181351269958,98,52.5249568202656
139.2945026583278,48.615440160162265,112,87.37667810204661
100.70527103943458,37.757017637106344,102,80.06074789046555
86.00548984014829,47.90976742713975,90,45.70033299508911
104.27959821468444,41.494795457907,89,69.79376832203859
97.7534390061834,44.19476550195277,16,68.43663691795615
95.58060800933553,55.8857840442061,17,45.78885191110223
112.2833340008685,66.69904504351406,172,80.25670065758099
115.1501542009461,53.94671529822981,115,82.5619424797798
89.38997704778944,38.04116937964815,92,61.993866131613515
88.4836351871064,54.446026682201406,180,59.736353049486866
94.49896605696712,61.966314866456514,90,69.1717778536448
53.9615767052883,43.90217095680618,81,41.849886612176306
69.69617875602896,48.65982833327082,67,32.55146449484377
127.3374853488905,50.14688194729197,192,80.64601050617749
132.89935427002567,42.151016869177596,113,75.42427813594938
95.01927920887243,56.48280433843859,0,57.40625919598796
111.53113926111533,48.79051851392219,57,95.25242472060086
106.22500309087073,54.195324439070276,153,81.89725607335201
161.57761616910477,41.125078221978995,108,81.6246109480022
122.39149822869153,45.62541699676589,147,78.34973617903393
97.44164817038467,57.22381357827771,115,80.46822091431889
80.88919118799149,46.27166847908233,86,39.36410459696042
67.87107359484855,67.26963851233405,9,54.88625976519604
104.06927271734446,46.003638143853976,58,67.07645505902336
84.87298509431393,52.24684725751886,40,45.365617899422396
71.55492580804652,59.325908318730896,104,57.37073844576482
87.06854231514947,35.816342670669684,132,65.4416378639569
78.3690399277121,32.39191188019224,121,63.98256944210525
133.74283270145128,34.74343685429905,192,74.8008063907559
117.63279513898901,62.62584103427182,144,102.62060023112718
99.84054717366766,44.481418541075534,21,42.68503161518894
129.59888277780053,75.58199285668252,97,91.03620634404965
101.54736615295236,44.357524013426115,168,49.95799708120547
82.77431597343472,51.84551303197037,67,57.84263827127747
130.46248154539313,65.42109952567876,196,79.6385031293499
110.77820087369318,70.06092888159122,138,81.47615366522956
79.25507691347087,70.61503576636397,55,59.543242045622684
96.19322643832784,62.083662305931426,178,58.46187013067819
82.48763493230486,60.240625258114626,148,51.713095567947015
72.34400538071327,55.92526949201183,98,72.2741785124557
118.52355095063282,57.78361076166638,75,81.03209608844047
138.1883328094026,44.488142836714665,25,65.41932219033183
72.02864852361718,41.81801116577693,114,54.067604962709304
111.25938473381142,49.96625542589048,146,68.67280237109287
86.98714861756346,48.298153774750716,108,58.02903131217833
90.25749232470608,45.46771950672725,187,66.96794355418919
88.15212151522262,56.963874474567156,198,72.99749483710991
82.72018460640368,59.553052085705104,46,50.637880649706474
100.97043255889653,50.884068862918475,70,65.45302039676997
83.38099767177924,64.77530081055262,153,55.66197905166971
105.40913651559677,38.58310885866495,39,70.24812272614051
98.99523781101726,48.06340540720282,132,61.593595590307785
95.2210390626718,42.831776793971954,148,60.752567366546245
81.84872675916804,31.3346338292694,131,47.6219859182632
88.46457338863334,49.17319314157301,22,57.923049481095255
115.10782451651512,48.78252491616716,105,89.23517979238906
110.01834375248761,65.13449743242131,83,98.45718275364744
80.44889510402898,56.30811684554777,142,60.88780354310359
101.98664610858452,39.758131756707954,115,61.92106478313561
115.02774246743579,68.54092566334188,108,62.11978132382363
66.61189437757257,62.21033695525353,135,44.3648662772486
110.8672038475987,55.82097703468616,40,70.91253467634614
86.74752482108306,47.73515901150168,111,50.54367790761777
111.41197337186318,40.405607632765204,146,61.728661347041935
84.73481686914967,46.27793223928947,111,72.00468284692333
63.90235798670962,60.88748619704186,102,50.505332989852185
67.44915124233674,68.84586305934609,45,55.560454452991564
100.96169893322764,65.43243528272188,155,63.368674448048125
105.19445003442964,45.11150578213726,67,77.90612399955187
81.91366749791183,38.80382566710989,121,50.472195169203204
112.77184917554747,51.40886246911204,14,66.5999466769988
66.7695987546208,32.31560634437149,164,27.271973107527433
98.67840402705367,53.23167714184781,128,64.69768601856751
75.77967600475087,48.52397413701331,194,46.92645022570541
86.96327784395682,45.33963498131758,110,73.92932687654267
100.94797342632828,34.05296932733204,23,79.12886443138325
82.79173269432096,55.136001065697165,26,45.58386171920688
92.30888911540349,44.672991603380886,39,48.334809659906036
120.1258561842888,38.30083164289712,190,68.78998123374906
88.46216260953702,21.277377867183507,188,42.453915710980844
116.71384224130284,49.724850949493636,163,75.44854216236665
77.40586290684763,67.72251596669744,23,55.75345135257737
110.59608355830565,66.6125921454787,23,78.08714282834902
128.83137241315802,45.429037434137285,3,88.20533265328986
50.56710999745421,43.97787939638219,66,27.834703714286686
84.06209489059046,54.68774256075024,33,68.38948243829428
111.5414425436108,40.016145608117085,184,60.489040811038755
95.93909227914014,53.01791899819466,176,85.35975033051622
107.42291746742617,57.660802783846904,180,87.21945923136104
87.92029626568359,62.26933223884308,115,61.51014444563236
101.731795749458,48.99845923520047,22,55.929601199988724
96.88645529215842,47.96326249823034,108,51.28354659880248
123.35564123319614,41.22017413243439,68,82.78015787707369
105.08841686602426,41.7311964596014,94,64.75953970558756
106.75205324150404,47.73521108098473,180,76.96525880256702
91.76246067755065,53.67365506816178,61,84.02561655218025
90.24787551855013,59.13584626233249,168,55.16086225081358
91.34883624360758,41.96821049319655,56,45.96349883218188
107.88904284756593,64.92688568959522,187,75.34818947598778
91.58031038359474,47.28876398957431,53,71.42438050319264
105.79549713792827,49.78632705651564,69,58.42904378806125
141.50801597290877,42.527883208521764,100,83.85862033660337
117.42249406863385,25.757597397270583,56,80.138962865208
93.47952935664318,58.8404539636105,137,48.063122482501015
124.02427844327889,57.36843897092433,167,81.57585052730774
91.83849253956897,47.18672442881787,134,54.674232662442
59.23750929644292,50.66990717224872,102,46.061292709609106
79.83827378165192,55.15939217704099,165,63.564797449775135
62.58416157948289,34.374541431134574,84,43.81252829796273
92.96973031917383,44.70947322653705,60,49.79548310642948
100.36836758379103,57.94264679621827,2,62.5545164484262
133.52874624550566,37.45710576830751,127,92.26743465648974
106.53854747528325,52.935579321666296,178,72.4392764733825
95.61798942382272,36.43418195376595,85,67.14244057388963
116.58811162366979,54.66429982433527,46,77.1962988609659
55.7772938198423,49.643585177025166,195,50.8728831454479
104.71229116217131,33.848681840944906,75,58.549289233995914
115.41730387773933,61.64739354457171,37,68.52775353456683
70.42827508440317,42.65408423201951,163,55.64733997028791
122.87508086413858,41.89747562985619,168,85.2805232254817
106.76992814988829,52.00569197230943,196,59.84385855867055
91.69424172198397,61.48637349428715,140,58.533584795040845
112.6556373221257,39.841781810216034,86,66.6480889218186
145.41385715608791,50.61679849847972,57,104.09021417741437
103.6373251011699,54.28816500330573,49,73.73646660325926
104.96441172600672,56.93105607263144,29,56.320654386133924
90.81278200919512,51.76441555277225,189,60.00588775453422
83.00311261070416,46.329721609166775,100,52.94168523059777
116.60671633088491,41.724097793512804,24,59.087891943456995
82.87832348182266,50.86143883046375,111,55.64967422110318
101.43132474438785,39.27860988014393,154,59.59887094017338
90.44685106469767,20.78649516505393,178,47.843048845693424
109.57959651492784,54.365598041576675,184,67.02566399611882
106.67324210573896,59.039348410861955,125,85.7623610596161
120.75079888515799,26.370675644581617,122,64.64957097494832
89.79967202290506,39.90269295290062,46,57.36735446032536
94.60250129413258,56.191542610051975,117,63.571066307314595
80.42472568435386,70.574954697117,38,56.334680747638664
91.11413479847776,50.20793707675408,15,61.41449584594208
107.54600986089704,42.71997058770866,21,67.24250206773876
115.13977233290704,48.1710355889516,53,72.81876211213115
81.5566935164475,63.74876419148185,148,51.31064459470409
117.3921184021132,43.54035820875465,199,69.69692159115658
127.11275717609902,42.00807993349746,15,83.76202132159733
108.26869806447402,45.17256477817968,58,65.8879521518905
137.53591625116132,40.466713917412875,30,82.52579142681711
84.52421601792854,51.22670315994795,169,59.3004889642122
75.10690593377166,66.2467845846956,31,61.60143964963368
64.42559502191443,53.23079273116029,186,53.76854448044341
129.92088622978366,47.47646497873713,161,77.46187651102076
113.08731312708116,47.08188731084456,8,61.55486972587299
98.8883065817909,34.36809191303343,138,47.56742757805672
105.59937252639641,58.83109777147159,9,80.62587972200326
77.49021905403247,49.22162802987198,16,61.21410241568849
148.91503959233654,48.19520086409374,67,95.40972689877165
102.58442363950455,81.93107567844861,47,83.98356980191359
102.18789589209786,52.98752908365686,179,65.3746468348871
114.51533247797384,42.48208949904816,110,63.75352891104586
109.62018463473427,45.736424037944566,152,58.72694543077013
104.47768048558262,61.48445709196755,122,59.79067740452658
84.19051089109377,51.13270410537764,148,69.55665356266348
109.42936714271991,35.61722021682633,100,60.468401078866364
137.6404899295007,59.19228934575204,101,97.12652246058482
126.90840092309955,43.31855914461006,64,74.58090990112629
131.86373253278794,68.73297776217545,190,79.78934751262237
89.7756864713763,60.80048065714649,50,52.184339457330665
80.20790359482838,45.52678104341249,35,47.88044254056044
97.48426159800704,62.81016361735113,80,81.76756771327176
101.11449824577389,50.678555105274036,126,54.91871485667103
121.88383036941897,58.52773675122219,87,99.66770442487265
66.15070740570361,54.84732817294475,193,41.12347788003879
130.59100638921228,41.536433450091266,103,85.25593293614597
96.83984202842021,43.56450167682538,14,60.03675857470783
91.4623786010516,60.29960817581161,95,60.61547592800743
79.75791249479664,46.65224667893459,166,41.16042247982734
66.90286656268461,45.96351536758003,122,46.25655806410393
116.46341167923829,40.44877420650647,197,58.78347813791105
101.46635934376808,54.235990655934614,0,50.18820587099002
74.20078200517892,70.62524919243145,150,59.48395254249339
74.09842455872769,39.32467085745727,121,42.49238246824348
93.28430601419744,50.24219456672758,166,78.5582965383668
133.38043050578784,64.12220555415429,125,95.92709407006843
94.8081729727279,49.203586087542845,56,79.1394841259945
69.93714093763788,54.52371796249734,80,44.51685681248915
95.08513871828112,39.376064718531204,161,60.71676617601279
94.54552860504658,54.28307097207649,168,37.35097599733571
46.06226714116857,48.12855734995451,72,34.6516769687034
98.91410266964375,59.85729995679863,140,68.39922480210828
95.38130939582643,61.87386051564751,69,67.79329362962518
113.92412729626837,75.89563642018614,5,79.3070704687733
136.9791218989069,55.796331732135755,83,85.89438618661086
122.53130059095514,53.257963165821664,51,50.11061290358995
94.62222618890338,51.94384301577336,2,65.45648436000349
77.86948182516659,46.46833707189312,80,57.70964095345162
151.4671960649972,53.38483843461691,62,105.12930358917218
101.18436868028977,47.04598589860971,48,68.39336070249709
100.27858583825892,51.68460976269614,75,64.33730518080591
99.51749825779993,63.1759753560796,111,79.76096095803356
103.9616952153571,39.934574347203586,174,40.38787766584483
97.11279176152115,61.39878561129045,108,61.82654625787628
88.52675986239527,63.17115067339866,182,55.55662533263011
89.06282117519216,48.81931473008921,191,58.83198700830973
99.34493459568003,28.781451009914054,64,36.31997447852258
89.1315045773247,43.921780129055676,80,70.93864294981624
85.74308434645671,62.96994546561109,194,59.264426816069225
102.12860455383793,49.77131937701118,14,69.18366500161166
94.90045565158289,40.00697767705089,99,61.68323337950565
130.0798597716538,44.95225078771782,31,91.15050407091174
46.980603832139764,58.40620026504553,95,22.39266064684307
121.83013703844924,55.4673356820138,127,78.67848087852688
124.92170384995258,47.61067900830306,195,88.20583823451581
58.53219535183701,46.33175588185313,145,42.18575997326753
93.14624811839303,46.08241850956178,112,50.88515568068203
92.57118268008418,40.77589815501497,82,52.479459629988725
71.84976610564357,66.15375689469442,42,51.84159010316606
84.4436662481825,46.7767953078866,115,49.04437142122734
77.78848309068343,62.17158520825497,162,56.01760593714461
135.04540886847246,65.21316051922452,77,102.1691266218536
118.71356786294922,59.9831089814796,57,71.37806897054367
125.43110189988317,45.683796872819514,32,71.54395026899745
114.4334412808647,54.037300903366095,13,78.02571675194531
77.41896457565542,49.758043936090836,161,51.8886918290162
89.50959467440452,40.96298139269872,188,43.75184042156305
109.78749122455837,53.24359281721603,131,70.25493907965377
75.55744382216109,38.20960208840198,58,48.252688213631885
114.25996860344776,61.87679388461564,156,85.4498059214901
95.1934920368373,45.35382702701607,82,51.48137014449686
92.50358384900805,52.01159655872839,133,71.67846571967698
114.21919936406982,52.83287871546142,120,71.9811551756739
108.8852662297208,47.410950262959226,176,57.58650148459821
92.7806766836184,55.86693801475275,167,50.06263662546573
123.18659606728497,45.25096343377476,82,94.5124723428602
78.37873344800205,58.71297297457244,192,55.20409838801836
112.31871213888527,36.54020319753251,196,76.48645819600728
111.86202515936768,51.26379579546412,26,54.22895737224178
93.80907121372019,69.38928999058285,79,94.09827148367397
106.52266044484236,39.99668675394425,133,74.19278253227574
74.97772847229393,43.222550294751485,12,47.901227183020325
118.48054038413802,55.13907849658915,63,72.72033516249066
96.30195727114022,51.79581781939598,189,71.03570526441887
89.54553958961921,53.50630099273559,146,67.59647695988075
120.98018451673778,54.891871301476634,79,78.78294645278628
85.91312618914482,56.3472146856177,122,59.969515082280026
71.83077407272881,61.09699841956223,42,59.855157402492246
68.86741652952193,54.098186569285126,88,33.246128704744734
112.12019902691279,47.58742345381457,147,66.62357942345824
74.39141295007434,56.72573701202731,94,37.7447889957169
135.0958836396873,68.99881934895215,195,94.29351107155433
58.36141184232556,48.67366253617426,171,37.02466497168186
133.92912736580075,40.254706953293585,150,63.32519498209667
104.22034934405237,61.07080669286972,1,62.4935514396974
98.06573776259215,48.796188360464015,119,65.16528740409314
89.10161826382101,28.273304539859637,21,50.980516668310294
107.98272228704141,58.47421677150422,114,59.80206058464424
99.24730595150304,44.64671814046077,56,45.96898240058359
122.06603764033042,49.094667176958396,71,76.50074684355775
102.28455297324079,53.319803305690144,6,61.33053641082282
103.00603522923755,51.904996797790666,183,64.49370955531548
92.72775575572288,57.0945181713904,118,61.89538145439556
98.86108752557865,45.645136294301565,194,67.42474152283299
106.15603537784118,55.131057981760826,113,78.08680010114796
65.7966321468675,47.40453322416083,15,48.584768050266426
73.03629155788573,57.38810480887503,82,50.52995172400894
114.8652818804543,56.153674840130535,178,74.52637877322434
103.41730876255883,40.645612979554045,71,60.50996860254942
96.32033327294641,60.85982116175032,123,49.99257944866709
100.36867866130787,44.64036554885952,112,74.49591070820755
106.95163410723342,58.08057798281145,11,79.93437907333818
89.20480639381277,53.67287313401341,125,80.58760507291638
84.43390549195375,68.38183676795123,52,85.53649684113833
103.91690510195363,47.76534017628148,74,54.52785328133365
80.43254444769936,46.506832038818025,132,50.8143226317068
108.16505511428943,49.805803941122676,26,94.13966470818295
65.9483279152432,46.968202171657246,139,46.65911845329643
120.58311274651288,57.9994190194205,144,80.1334911045501
109.45194964826086,33.83689391563412,133,49.66574348187488
105.12059468627751,39.46317580853646,96,65.90213640146743
119.65381967891028,39.32197078420807,4,90.94290482230846
133.30948888925153,59.50307591973576,56,97.37192532158177
120.2874013003626,67.10613372581925,155,74.17569455274165
63.182515373367096,48.955507814625285,77,42.314746365386966
74.40846066528597,48.311782768099896,68,40.388762238130326
87.50362844608642,50.700521631131814,117,50.45033930988569
100.52182100421668,61.61878302608191,119,49.64442612206821
110.35318040938246,40.72646865809426,58,66.54633405552208
85.48512373693069,52.38368982734785,32,73.5587756159738
103.73533528954157,59.7519762978243,61,73.34757977505556
84.89234135293356,55.01094169939845,49,72.61184308594363
87.76964394016103,51.89581616598743,111,70.18606082913672
71.86677806303555,60.01046092567141,18,48.46844641349292
81.53533507778192,22.96767707000763,196,40.062904045828766
72.96630788767332,56.77875319530908,122,46.30493433391483
80.48253494045335,43.45924316872576,193,36.10842093642391
121.07283593215679,31.693671031435432,46,70.36782160346478
81.01202222336114,55.11202599524981,166,27.994974944484643
152.64764129674782,63.73658545162958,195,101.35895137672665
109.86635801761778,48.62551485372308,32,70.23964282211456
103.69672247389748,59.528745472029385,140,74.42138354350597
82.83284439637573,66.12278257988646,83,71.82341980163515
114.00619758817983,63.14914453584048,181,77.93578803823058
88.48724347524453,66.39964529371393,134,80.479232702284
102.44019629290723,57.42127491071892,78,74.66593872919138
151.2016907653759,50.754336389015926,13,83.25587783123223
98.078802005507,33.980341881028316,146,56.85639314560321
122.98546652571352,47.53937511870051,127,53.141635530965544
85.93647149748224,41.567534046838084,53,46.416591558070884
99.30023019006076,71.70942717497815,147,67.35297918818992
135.4160127127102,48.24114187567663,28,87.64308501463475
87.46065884424465,51.23204806784486,23,51.59633355705767
136.24897115993858,55.51485376040468,81,72.31630156874638
114.1550387091095,50.436024463724536,62,53.33300766359086
88.75066448211464,66.95051040430752,104,58.496310176416394
112.64815478111042,43.77350638265548,56,88.96464732903115
119.4510889925346,51.94607455237243,135,78.02043721094935
112.43619924434392,42.57529414301952,61,78.38648198862961
68.59550560219087,36.79977488779294,156,36.33714294079082
85.45725648350263,43.882309090947146,16,40.15882336801327
95.0496272889699,49.62963202951588,65,50.20292861245905
98.51133141799907,45.7069777548274,5,61.99644794387138
112.41344195101357,43.07579020126144,57,49.18816960109265
103.55402001866507,35.93682536328166,68,52.49215345421933
73.29311282579798,49.16894427371305,155,45.53363283529996
107.60395702011927,34.952796259689975,61,51.078564327333616
112.21171490567646,57.60055963689602,168,52.14919517065874
111.1958089586208,50.824397529345035,196,73.74176072021149
121.61561451109243,35.4244850053507,81,71.89386720599708
116.67844309097808,46.907909229501364,168,80.20189299064074
109.18360158456873,42.478435944094166,176,56.23107408298819
98.59668577082707,53.1917451041918,176,72.85509384714578
66.78078132968017,63.40450446023144,70,67.70478394777838
108.59236438265171,31.248275303542556,130,66.29281210475718
104.15375374326223,51.150260791474174,9,61.32259216460676
105.43157674390747,48.398672044333594,97,68.68619648034625
74.46502848359381,56.713400764504655,88,47.66866057819253
78.37886919183475,52.131966282376894,34,46.586188903842924
121.06305706665808,42.48030668261181,1,80.10822443314584
99.2088969228669,46.80946064333382,123,62.25678345656161
113.63001394745248,42.03974143196511,23,81.47788593781605
100.56636752260923,60.76007138598598,73,64.0869752846647
100.59512278991491,50.21311648671942,165,61.949750534273164
118.76567611951995,69.01190685753008,21,74.42130016470428
89.67910543565252,49.39339186185379,153,48.45573588951034
101.92241553881966,42.91593233089537,170,71.98023645484434
90.75449422589915,34.862856073871725,182,77.69322058125263
91.31007545135368,31.96860323744055,38,51.423346311247485
93.81655753062721,34.158640569945106,156,50.350911499547074
104.44267543267426,52.67126651011483,19,60.56948283230068
90.42502756673045,55.08725023229934,40,54.941356577051224
125.11512251147042,34.188092979678665,181,89.31182601204684
82.10785395560993,58.950383140761154,147,51.554236722434396
96.26256711677281,45.1693894831656,107,55.82943239444069
91.2053788345165,51.467930119855495,146,48.63952593170517
128.93955768707465,66.12220628255425,83,87.2429284669343
103.93109553023149,58.96839315865532,110,68.98377009120246
120.6368907893727,47.314693520941674,65,63.14106569294324
70.28879253926056,41.08807774584713,157,38.542523620203625
105.34100531738518,28.48184598670695,52,76.54439016006026
117.79261591246873,42.8084668075758,33,72.06592556119479
101.64567978550848,47.88869761172305,149,66.20630313074413
121.30960750130703,40.12820472848816,66,73.74980341946058
89.65423099799256,48.68743032907695,133,73.37959847983113
128.1869488037116,50.768518829587684,26,68.871886427525
145.977962472385,47.751440181919214,9,83.35045808900372
92.74322879120682,43.4999741917654,72,57.73195458650792
91.08994957198456,51.68654671966728,95,43.83918054899522
129.067689542354,54.41940649569409,47,71.69825155407179
131.59144291461425,39.096009225571535,69,87.99127249778796
89.54279945693463,64.10932379746271,186,71.60633183100731
91.59626365808285,49.014118677157384,99,69.87303618320895
94.36430782278985,50.188496229448475,58,56.34780055491545
73.11098977931445,57.08214423256557,1,49.02318575823853
81.62696107031604,52.332161312635016,156,38.6324739785682
79.91718466495864,59.53136633913245,195,67.13734765738215
84.64404869791743,52.87124165201824,64,69.14991953222514
99.30630225226437,43.87562625359562,82,73.65504866756696
104.68429465073041,53.61503525206102,153,84.46757043575592
131.01000985628153,38.56273792679338,9,81.29491224107782
80.03291918522419,51.085597057765234,52,70.91095707540859
119.68644796953167,49.66770009355539,78,72.73878792125367
95.72022311548982,47.918831427274604,58,44.565657335871784
99.01072580695134,48.71462488561069,149,72.72699714156006
113.49638984333208,31.18150954502361,178,48.06375652508616
77.54555956875403,44.512750922590385,47,53.828625556087786
107.64819492368102,50.928449011411146,148,78.6558701865064
103.32904416426112,51.598563919974005,122,70.38667921847473
109.84902528016298,39.72324859074042,21,89.62391792312636
105.78337287815636,62.65707840864701,99,52.0295200202025
149.1060027982179,41.33825151785499,97,86.12587012910629
87.24520031497369,59.69457200526737,157,61.70552641159362
89.38006089996365,54.27194361871685,24,47.530585373772745
87.53718947150472,43.53772690156197,27,45.29258489897809
88.8904576167949,67.75310892609512,192,56.31987537795999
87.25225745386965,38.0636316824352,112,44.04874529117276
123.78033062215104,59.191541736100014,44,78.56768133026685
128.4100849597971,60.005823180429786,67,76.1771404325059
88.58507412501048,43.293797909233554,6,60.45976027623205
83.35288853791542,63.92465300064329,48,67.34814483118133
109.42831112772808,47.49953485401047,136,74.78180561725607
88.95553911438057,52.88693629279857,163,56.2425879931823
112.65863635511022,52.603218387712204,82,74.95503998851349
104.058460417026,48.65691258529452,128,76.97759314586868
69.68511770005536,58.10808273159782,137,56.73062948228192
130.95010402660122,57.93488720552213,163,101.44529511939146
135.91755346191044,32.51468026761819,72,87.53497067890756
87.74422619031228,63.043402428781526,45,79.96920455027521
92.24596880128031,33.37508011964326,105,31.212077157232482
105.7173078144981,60.32546204341657,159,71.92305373167635
106.6891357997405,61.26705136827583,31,68.48535830083082
113.1708854534566,39.09033569784802,5,67.06274613294056
140.204090775327,45.891857120454155,175,75.82000832275835
96.461055450119,38.94295331514064,165,63.87540772344349
84.03405510923092,47.850789697112646,144,38.28870013957513
72.41361543970946,46.919657158142584,73,54.31707349601041
85.38139920116161,57.796605322693395,113,52.31256899558342
99.33746054252406,63.10308746119608,26,63.595795608416516
135.89115727035576,63.95683810789956,53,91.51764776320513
89.64777401927657,44.37831973421698,177,58.925160208566716
104.47575903277797,47.90778126255472,162,77.14942300921993
99.67154207854496,33.1656180777905,84,50.09042140414974
123.76786546896167,41.94129933503811,126,73.65926601282099
150.53864851747244,59.64851633097457,152,102.0516103281401
89.38262454159359,66.15582823548232,155,68.15005817895548
90.21121114963556,37.65651128120078,110,60.65850149380597
120.88321754138144,44.075357408471056,14,84.74464457706438
113.63782979252623,49.73594243041073,131,67.67727313669104
136.93414651472068,52.80161158819607,92,78.13924796259644
111.67856370651927,41.90396480078354,122,74.16951566281806
92.81415818425882,54.24061044464089,72,61.184947365410785
111.81309661384618,45.26160652929084,154,80.7070659426875
122.17407161165815,49.855477291217206,153,79.7414133643448
116.40964362394729,55.462842480037,146,68.61016775308212
110.14548062214595,50.064222698109376,91,73.4758473886172
121.33349379178307,45.63614109473431,16,65.3305925820865
123.38591180891345,48.90390196074169,42,85.8334111762498
127.64317982075055,49.11637040794665,120,64.58497796727775
112.97419775179286,46.29988970117872,40,82.59771852821189
96.65763839366291,47.41203937332897,169,65.76119612067592
102.93427372866645,65.98647170504717,177,69.61746867962063
124.13017933016714,55.60919447941239,167,86.38118951824605
83.66128658025528,47.045196819708394,38,61.05746877766371
107.37346617745803,56.969544045107355,112,84.08141315884183
92.13322375345278,46.6618051024399,150,73.27577079099304
100.57489645869634,61.73124637586641,110,72.32972658377096
125.56903725214598,53.69642192198094,179,70.17573832225149
103.82198136039807,48.92697855995771,46,61.17399424372394
100.92873096312297,54.477169258102776,62,66.09104740087584
72.80287718040162,34.291238479315005,109,57.50602707794625
114.92507132054442,38.73232531090195,68,64.51836864016803
112.9096836228215,38.060749936009444,42,64.14366158791222
143.2650944661092,51.429430947637066,175,105.54488281001997
93.84443530093998,67.32514999485092,33,66.076777535148
104.38300655327878,72.31300146192632,39,67.53808481255123
104.9876736742151,56.380511014407574,60,77.17445042537129
131.5490655952695,55.00844474944457,177,81.71572339287228
98.09408935226095,31.98942265847261,194,44.747879839336605
105.58043051540679,44.57326200265978,61,76.57133468657506
112.15793019433079,42.12216248091761,57,61.245220634447925
103.73218246312716,43.79152401748884,160,65.439404420706
91.07132770898943,48.318561814152105,74,59.34984126086678
103.88179985796616,45.27909422302873,15,67.82563993059033
121.47263499719544,30.207001896242122,81,47.887677341823704
79.4696940117788,57.47910256117534,93,53.62758298624965
102.65939348293752,39.27256974260193,47,74.35983826540635
85.99758370121654,52.39246864111149,137,71.37098764185826
123.90093257849685,70.74082669749973,81,73.25981048209512
69.5362619043245,40.80615408413577,37,56.21595960452114
88.82156305456823,24.697124772536704,126,44.205621414789285
107.54423750129041,47.139957781198895,18,64.16878349113205
131.31048058468681,61.00959634998571,163,80.7382755327466
98.68499477854024,69.58347454220593,186,71.30557684898598
88.89600946613604,37.70450405547583,62,65.77302051261938
137.6231413888118,54.966992232365214,76,87.94751372440658
71.03972199167512,45.34689543219947,173,47.86261202225896
56.023880867598365,48.94051645695864,130,52.367207701268924
108.80028900106664,76.44343347017035,101,69.30656063924728
89.95891551294778,34.970296716048466,64,54.69837233660894
79.57534365738573,52.537396614945735,119,65.50670309695187
114.16712894598706,54.676931717654334,90,78.77970610619556
104.87601427542398,60.857863249393475,7,66.0323263380809
88.71842738526543,50.97983153470896,178,44.523595487042726
74.39391202658211,53.08050539504102,72,56.229689539751476
117.44914656560289,46.08351432578209,133,56.76287556150618
113.00402355917322,52.69126941245107,106,70.18437895641027
98.01648272441234,46.5680772450259,88,74.76814852808062
136.9327399209533,56.21571889856051,38,91.2986720930633
78.59830467347695,46.30389663956366,112,32.95378154848589
69.48949658150522,53.77100393902187,187,52.880564515862346
86.16183860237511,49.707371863150215,27,54.80143171410668
99.08827967289004,61.26050250772168,96,55.18511658150703
104.86678898645384,49.48606276411514,181,70.62942628048248
95.1752788428734,32.26967531793119,36,52.351163528908785
107.04110793028593,62.619215007139914,136,67.45097808088997
74.96921151619112,40.94267699137381,81,51.007860039774904
128.8752920814652,43.4623366135118,55,71.21750171577129
98.35697643214863,44.04338705956508,186,63.34886267260947
122.34591663176255,63.74438093170817,84,74.36302369909438
106.85450692755408,28.643257860213044,1,56.635616215615535
109.13506438307567,81.37748533659993,188,88.9100754854731
111.39534560464408,60.56056809066052,57,84.81255959332296
108.9541712003463,52.2323891412916,106,53.06025987113437
112.85445519735087,49.451059993837134,122,78.73327403529211
126.58305060264863,52.85554074857657,187,93.13409757215834
103.9304233940294,55.211224283793385,167,84.10234715618847
114.18007515177024,56.45215585950057,163,79.22948159258647
98.20528611425547,55.55604466003449,113,55.19547787769911
128.80234430898946,50.895806812552486,106,85.96972260173581
86.4721539588146,48.02661579692674,36,48.95153816632615
136.0188086582163,48.487267163464885,78,79.12593281658107
99.19684098711313,48.05091719647319,91,67.84451722294672
71.38449795763904,61.337700968670646,17,46.045965803233315
102.56208829821578,55.935567222808615,97,56.597711248772626
86.37896685050238,20.596113653357197,62,54.02605070616658
116.81287097977449,56.55900776529761,149,94.04637986259968
86.94752041395218,51.94736194718775,138,71.49031209592705
91.07633133570441,49.81291243554102,185,67.55390124901545
62.209185381089384,46.11481546911114,184,54.73089168717537
90.95387361501847,61.24112719986013,3,70.22646993928643
51.52241346742087,59.475264621228575,134,48.102788414172934
68.32194353028554,42.27122332176391,60,55.82851715765841
115.20829312288595,54.07052287124535,106,60.14167250227635
115.71600317301665,40.28343265458714,53,71.93788437731361
108.50915123569929,36.203818352110694,87,64.30623906104442
80.66047713741574,43.73282775410035,67,54.23911520638361
99.0457728771604,58.62393472382759,128,62.49634470826058
99.92794921818863,59.53125045376087,54,73.02822819296489
76.83270621614915,55.130854200972934,2,46.77632927149038
130.067966035343,57.25095786847997,165,76.87072108429516
117.54724581151342,55.16178287114958,120,68.78335863058058
95.58071652340672,43.585184047770476,128,69.5053798487332
100.53771677989062,54.31922544673941,101,66.44739099187518
104.16765615895105,58.00409525227683,37,64.87673325719095
59.16530263151419,57.542913298135744,84,43.11122835503601
95.05645234958806,61.88913371474643,156,66.13377245602202
86.36031504004403,57.083038472010635,132,76.52681825032374
79.96759980210169,53.51448207541583,91,43.67294116020887
94.3779941422809,60.701502383164275,20,72.15454776288757
135.95373053699046,49.7347874075094,198,87.61592487105813
112.8168572253402,41.18125348772282,194,59.9331506745192
88.57642020434406,48.36933036056236,108,73.4677421118876
111.45165562712317,42.55097355193551,46,73.88392438794901
